{"cameraMode":{"drawMode":0,"name":"Shaded","section":"Shading Mode"},"sceneLighting":true,"audioPlay":false,"sceneViewState":{"m_AlwaysRefresh":false,"showFog":true,"showSkybox":true,"showFlares":true,"showImageEffects":true,"showParticleSystems":true,"showVisualEffectGraphs":true,"m_FxEnabled":true},"in2DMode":false,"pivot":{"x":-0.36381930112838747,"y":0.8497859239578247,"z":0.11558554321527481},"rotation":{"x":0.04868791624903679,"y":-0.8325660824775696,"z":0.07413554191589356,"w":0.5467885732650757},"size":1.2497061491012574,"orthographic":false}